id;creation_date;execution_description;execution_properties
1;2022-03-06;Mississippi;Officer Loan
2;2022-03-06;ROI;channels Litas
3;2022-03-07;GB;mindshare Forward
4;2022-03-06;tan Checking;Awesome Small Keyboard
5;2022-03-07;mobile Generic relationships;bandwidth
6;2022-03-07;Chicken program;Implementation local array
7;2022-03-07;Representative;engineer
8;2022-03-06;Plastic;out-of-the-box Total Turnpike
9;2022-03-06;Wooden;compress Specialist SDD
10;2022-03-06;Customizable Lev District;Rubber
